{"cameraMode":{"drawMode":0,"name":"Shaded","section":"Shading Mode"},"sceneLighting":true,"audioPlay":false,"sceneViewState":{"m_AlwaysRefresh":false,"showFog":true,"showSkybox":true,"showFlares":true,"showImageEffects":true,"showParticleSystems":true,"showVisualEffectGraphs":true,"m_FxEnabled":true},"in2DMode":false,"pivot":{"x":-1.0822954177856446,"y":0.20797181129455567,"z":-0.05080878734588623},"rotation":{"x":-0.07327288389205933,"y":0.7454141974449158,"z":-0.08308954536914826,"w":-0.6573457717895508},"size":4.120111465454102,"orthographic":false}