{"cameraMode":{"drawMode":0,"name":"Shaded","section":"Shading Mode"},"sceneLighting":true,"audioPlay":false,"sceneViewState":{"m_AlwaysRefresh":false,"showFog":true,"showSkybox":true,"showFlares":true,"showImageEffects":true,"showParticleSystems":true,"showVisualEffectGraphs":true,"m_FxEnabled":true},"in2DMode":false,"pivot":{"x":4.690471649169922,"y":3.1643998622894289,"z":-0.23993109166622163},"rotation":{"x":-0.0662960484623909,"y":0.43674468994140627,"z":-0.03229391574859619,"w":-0.8965683579444885},"size":1.5377814769744874,"orthographic":false}